"";"MUNICIPIOS";"ANO";"NIVEL";"CODIGO";"POPH";"POPHF";"POPHM"
"1";3;2025;"MINUCÍPIO";3;6587300;2787000;3275500
"2";330010;2025;"MINUCÍPIO";330010;98600;41200;48600
"3";330070;2025;"MINUCÍPIO";330070;176300;75300;89400
"4";330100;2025;"MINUCÍPIO";330100;389500;166800;198300
"5";330170;2025;"MINUCÍPIO";330170;427800;184500;207400
"6";330270;2025;"MINUCÍPIO";330270;218900;94200;107300
"7";330330;2025;"MINUCÍPIO";330330;512800;218400;257600
"8";330350;2025;"MINUCÍPIO";330350;748600;324700;363900
"9";330390;2025;"MINUCÍPIO";330390;218400;93600;112800
"10";330455;2025;"MINUCÍPIO";330455;2854300;1185200;1423800
"11";330490;2025;"MINUCÍPIO";330490;512600;220600;246900
"12";330610;2025;"MINUCÍPIO";330610;214800;91300;109800
"13";330620;2025;"MINUCÍPIO";330620;214700;91200;109700
